Retail Week,Harmonized Marketing Channel,Harmonized Brand,Month,Week of Year,Spend,Impressions,Engagements,Clicks,Video Completions 25%,Demand Sales,Orders,Total Traffic,CPM,CPC,CTR
20-Jun-22,Push Notification,Not Valid,1-Nov-21,46,,,,,,"26,234.11",165.00,0.00,,,
20-Jun-22,Paid Social,Not Valid,1-Nov-21,46,,,,,,483.66,6.00,"6,618.00",,,
20-Jun-22,Paid Social,Comp,1-Nov-21,46,,,,,,"19,816.13",253.00,"56,596.00",,,
20-Jun-22,Paid Search,Not Valid,1-Nov-21,46,"$48,701.45","16,272,790","264,621","264,621",,"130,982.21","1,455.00","215,201.00",$2.99,$0.18,1.63 %
20-Jun-22,Paid Search,Performance,1-Nov-21,46,"$20,399.47","7,607,786","188,915","188,915",,,,,$2.68,$0.11,2.48 %
20-Jun-22,Paid Search,Comp,1-Nov-21,46,,,,,,82.06,1.00,747.00,,,
20-Jun-22,Other,Not Valid,1-Nov-21,46,,,,,,"48,018.35",599.00,286.00,,,
20-Jun-22,Organic Social,Not Valid,1-Nov-21,46,,,,,,"5,475.50",67.00,"10,868.00",,,
20-Jun-22,Organic,Not Valid,1-Nov-21,46,,,,,,"18,786.76",207.00,0.00,,,
20-Jun-22,Online Media,Not Valid,1-Nov-21,46,"$7,048.73","36,310,968","58,400","58,388",12,"30,338.49",375.00,"70,615.00",$0.19,$0.12,0.16 %
20-Jun-22,Online Media,Comp,1-Nov-21,46,,,,,,"1,539.90",19.00,"8,684.00",,,
20-Jun-22,Offline,Not Valid,1-Nov-21,46,,,,,,0.00,0.00,4.00,,,
20-Jun-22,Natural Search,Not Valid,1-Nov-21,46,,,,,,"63,585.99",691.00,"154,404.00",,,
20-Jun-22,Email,Not Valid,1-Nov-21,46,,,,,,"45,127.58",437.00,"64,939.00",,,
20-Jun-22,Affiliate,Performance,1-Nov-21,46,$0.00,25,,6,,,,,$0.00,$0.00,24.00 %
20-Jun-22,Affiliate,Not Valid,1-Nov-21,46,,,,,,"8,670.44",94.00,"5,619.00",,,
27-Jun-22,Search Zone,Not Valid,1-Nov-21,47,,,,,,0.00,0.00,6.00,,,
27-Jun-22,Push Notification,Not Valid,1-Nov-21,47,,,,,,"95,567.13",602.00,0.00,,,
27-Jun-22,Push Notification,Not Valid,1-Nov-21,46,,,,,,"6,531.93",58.00,0.00,,,
27-Jun-22,Paid Social,Not Valid,1-Nov-21,47,,,,,,841.26,14.00,"12,524.00",,,
27-Jun-22,Paid Social,Comp,1-Nov-21,47,,,,,,"52,735.66",622.00,"136,862.00",,,
27-Jun-22,Paid Social,Comp,1-Nov-21,46,,,,,,"5,647.42",77.00,"23,945.00",,,
27-Jun-22,Paid Social,Not Valid,1-Nov-21,46,,,,,,282.43,4.00,"3,157.00",,,
27-Jun-22,Paid Search,Not Valid,1-Nov-21,47,"$93,170.30","32,881,766","581,492","581,492",,"359,551.75","4,007.00","484,818.00",$2.83,$0.16,1.77 %
27-Jun-22,Paid Search,Performance,1-Nov-21,47,"$44,680.07","18,152,045","426,999","426,999",,,,,$2.46,$0.10,2.35 %
27-Jun-22,Paid Search,Not Valid,1-Nov-21,46,"$17,807.83","6,501,181","101,612","101,612",,"43,165.20",455.00,"67,319.00",$2.74,$0.18,1.56 %
27-Jun-22,Paid Search,Performance,1-Nov-21,46,"$7,352.10","3,542,220","73,580","73,580",,,,,$2.08,$0.10,2.08 %
27-Jun-22,Paid Search,Comp,1-Nov-21,47,,,,,,"2,272.54",13.00,"1,073.00",,,
27-Jun-22,Paid Search,Comp,1-Nov-21,46,,,,,,0.00,0.00,170.00,,,
27-Jun-22,Other,Not Valid,1-Nov-21,47,,,,,,"124,737.22","1,746.00",932.00,,,
27-Jun-22,Other,Not Valid,1-Nov-21,46,,,,,,"11,590.65",128.00,128.00,,,
27-Jun-22,Organic Social,Not Valid,1-Nov-21,47,,,,,,"13,858.87",159.00,"18,545.00",,,
27-Jun-22,Organic Social,Not Valid,1-Nov-21,46,,,,,,"1,829.64",21.00,"3,604.00",,,
27-Jun-22,Organic,Not Valid,1-Nov-21,47,,,,,,"59,392.11",678.00,0.00,,,
27-Jun-22,Organic,Not Valid,1-Nov-21,46,,,,,,"5,567.08",57.00,0.00,,,
27-Jun-22,Online Media,Not Valid,1-Nov-21,47,"$28,773.79","126,120,581","196,181","196,136",45,"81,847.00",957.00,"201,460.00",$0.23,$0.15,0.16 %
27-Jun-22,Online Media,Not Valid,1-Nov-21,46,"$3,126.82","13,329,959","25,906","25,898",8,"11,656.53",129.00,"27,994.00",$0.23,$0.12,0.19 %
27-Jun-22,Online Media,Comp,1-Nov-21,46,,,,,,768.91,6.00,"2,835.00",,,
27-Jun-22,Online Media,Comp,1-Nov-21,47,,,,,,"11,070.41",101.00,"24,444.00",,,
27-Jun-22,Offline,Not Valid,1-Nov-21,46,,,,,,0.00,0.00,3.00,,,
27-Jun-22,Offline,Not Valid,1-Nov-21,47,,,,,,0.00,0.00,6.00,,,
27-Jun-22,Natural Search,Not Valid,1-Nov-21,46,,,,,,"18,430.74",190.00,"39,616.00",,,
27-Jun-22,Natural Search,Not Valid,1-Nov-21,47,,,,,,"205,221.93","2,131.00","298,397.00",,,
27-Jun-22,Email,Not Valid,1-Nov-21,47,,,,,,"116,354.37","1,234.00","123,136.00",,,
27-Jun-22,Email,Not Valid,1-Nov-21,46,,,,,,"9,716.18",104.00,"11,246.00",,,
27-Jun-22,Affiliate,Performance,1-Nov-21,47,$0.00,80,,3,,,,,$0.00,$0.00,3.75 %
27-Jun-22,Affiliate,Performance,1-Nov-21,46,$0.00,9,,0,,,,,$0.00,,0.00 %
27-Jun-22,Affiliate,Not Valid,1-Nov-21,47,,,,,,"20,258.50",189.00,"14,562.00",,,
27-Jun-22,Affiliate,Not Valid,1-Nov-21,46,,,,,,"1,702.81",18.00,"1,762.00",,,
4-Jul-22,Search Zone,Not Valid,1-Nov-21,48,,,,,,0.00,0.00,1.00,,,
4-Jul-22,Search Zone,Not Valid,1-Nov-21,47,,,,,,0.00,0.00,3.00,,,
4-Jul-22,Push Notification,Not Valid,1-Nov-21,48,,,,,,"44,385.18",171.00,0.00,,,
4-Jul-22,Push Notification,Not Valid,1-Nov-21,47,,,,,,"13,363.59",104.00,0.00,,,
4-Jul-22,Paid Social,Comp,1-Nov-21,48,,,,,,"13,644.24",167.00,"32,620.00",,,
4-Jul-22,Paid Social,Not Valid,1-Nov-21,47,,,,,,125.08,2.00,"1,408.00",,,
4-Jul-22,Paid Social,Not Valid,1-Nov-21,48,,,,,,418.43,6.00,"4,523.00",,,
4-Jul-22,Paid Social,Comp,1-Nov-21,47,,,,,,"7,349.96",78.00,"18,581.00",,,
4-Jul-22,Paid Search,Not Valid,1-Nov-21,48,"$31,289.49","10,052,685","188,163","188,163",,"151,240.88","1,693.00","164,488.00",$3.11,$0.17,1.87 %
4-Jul-22,Paid Search,Not Valid,1-Nov-21,47,"$16,001.42","5,534,632","98,358","98,358",,"50,552.23",549.00,"71,890.00",$2.89,$0.16,1.78 %
4-Jul-22,Paid Search,Performance,1-Nov-21,48,"$15,571.87","5,434,499","137,490","137,490",,,,,$2.87,$0.11,2.53 %
4-Jul-22,Paid Search,Performance,1-Nov-21,47,"$8,215.99","3,172,522","73,239","73,239",,,,,$2.59,$0.11,2.31 %
4-Jul-22,Paid Search,Comp,1-Nov-21,47,,,,,,0.00,0.00,25.00,,,
4-Jul-22,Paid Search,Comp,1-Nov-21,48,,,,,,"1,479.31",11.00,234.00,,,
4-Jul-22,Other,Not Valid,1-Nov-21,48,,,,,,"55,792.17",856.00,399.00,,,
4-Jul-22,Other,Not Valid,1-Nov-21,47,,,,,,"17,522.54",220.00,169.00,,,
4-Jul-22,Organic Social,Not Valid,1-Nov-21,48,,,,,,"5,389.74",60.00,"6,524.00",,,
4-Jul-22,Organic Social,Not Valid,1-Nov-21,47,,,,,,"1,703.20",21.00,"2,569.00",,,
4-Jul-22,Organic,Not Valid,1-Nov-21,47,,,,,,"5,775.98",60.00,0.00,,,
4-Jul-22,Organic,Not Valid,1-Nov-21,48,,,,,,"23,610.08",273.00,0.00,,,
4-Jul-22,Online Media,Not Valid,1-Nov-21,48,"$9,690.21","38,240,451","81,087","81,087",0,"33,263.56",394.00,"70,191.00",$0.25,$0.12,0.21 %
4-Jul-22,Online Media,Not Valid,1-Nov-21,47,"$5,671.93","27,761,210","47,204","47,204",0,"12,208.75",161.00,"37,409.00",$0.20,$0.12,0.17 %
4-Jul-22,Online Media,Comp,1-Nov-21,47,,,,,,908.87,11.00,"2,337.00",,,
4-Jul-22,Online Media,Comp,1-Nov-21,48,,,,,,"2,319.79",26.00,"7,673.00",,,
4-Jul-22,Offline,Not Valid,1-Nov-21,47,,,,,,0.00,0.00,1.00,,,
4-Jul-22,Offline,Not Valid,1-Nov-21,48,,,,,,0.00,0.00,2.00,,,
4-Jul-22,Natural Search,Not Valid,1-Nov-21,48,,,,,,"86,735.14",958.00,"100,860.00",,,
4-Jul-22,Natural Search,Not Valid,1-Nov-21,47,,,,,,"22,699.30",260.00,"38,577.00",,,
4-Jul-22,Email,Not Valid,1-Nov-21,47,,,,,,"10,188.96",116.00,"12,308.00",,,
4-Jul-22,Email,Not Valid,1-Nov-21,48,,,,,,"50,598.48",569.00,"53,894.00",,,
4-Jul-22,Affiliate,Performance,1-Nov-21,48,$0.00,124,,0,,,,,$0.00,,0.00 %
4-Jul-22,Affiliate,Not Valid,1-Nov-21,48,,,,,,"6,299.22",79.00,"4,710.00",,,
4-Jul-22,Affiliate,Not Valid,1-Nov-21,47,,,,,,"1,207.35",16.00,"1,525.00",,,
4-Jul-22,Search Zone,Not Valid,1-Dec-21,48,,,,,,0.00,0.00,9.00,,,
4-Jul-22,Push Notification,Not Valid,1-Dec-21,48,,,,,,"57,338.09",214.00,0.00,,,
4-Jul-22,Paid Social,Comp,1-Dec-21,48,,,,,,"42,020.29",514.00,"138,321.00",,,
4-Jul-22,Paid Social,Not Valid,1-Dec-21,48,,,,,,658.83,8.00,"11,015.00",,,
4-Jul-22,Paid Search,Not Valid,1-Dec-21,48,"$76,514.74","25,213,773","421,574","421,574",,"243,580.95","2,553.00","322,899.00",$3.03,$0.18,1.67 %
4-Jul-22,Paid Search,Performance,1-Dec-21,48,"$42,690.85","14,555,556","311,822","311,822",,,,,$2.93,$0.14,2.14 %
4-Jul-22,Paid Search,Comp,1-Dec-21,48,,,,,,86.17,1.00,120.00,,,
4-Jul-22,Other,Not Valid,1-Dec-21,48,,,,,,"81,549.52","1,241.00",934.00,,,
4-Jul-22,Organic Social,Not Valid,1-Dec-21,48,,,,,,"6,899.96",83.00,"17,258.00",,,
4-Jul-22,Organic,Not Valid,1-Dec-21,48,,,,,,"43,377.02",445.00,0.00,,,
4-Jul-22,Online Media,Not Valid,1-Dec-21,48,"$7,316.41","45,575,850","83,045","83,044",1,"45,719.48",546.00,"109,130.00",$0.16,$0.09,0.18 %
4-Jul-22,Online Media,Comp,1-Dec-21,48,,,,,,"5,108.61",45.00,"17,627.00",,,
4-Jul-22,Offline,Not Valid,1-Dec-21,48,,,,,,0.00,0.00,7.00,,,
4-Jul-22,Natural Search,Not Valid,1-Dec-21,48,,,,,,"94,216.11",997.00,"173,676.00",,,
4-Jul-22,Email,Not Valid,1-Dec-21,48,,,,,,"61,540.42",645.00,"99,133.00",,,
4-Jul-22,Affiliate,Performance,1-Dec-21,48,"$5,739.65",39,,"25,703",,,,,"$147,170.51",$0.22,"65,905.13 %"
4-Jul-22,Affiliate,Not Valid,1-Dec-21,48,,,,,,"19,079.07",213.00,"11,834.00",,,
11-Jul-22,SMS,Not Valid,1-Dec-21,49,,,,,,246.18,3.00,2.00,,,
11-Jul-22,Search Zone,Not Valid,1-Dec-21,49,,,,,,0.00,0.00,13.00,,,
11-Jul-22,Push Notification,Not Valid,1-Dec-21,48,,,,,,"6,230.46",31.00,0.00,,,
11-Jul-22,Push Notification,Not Valid,1-Dec-21,49,,,,,,"84,271.89",500.00,0.00,,,
11-Jul-22,Paid Social,Comp,1-Dec-21,49,,,,,,"63,664.28",698.00,"197,072.00",,,
11-Jul-22,Paid Social,Not Valid,1-Dec-21,48,,,,,,664.74,6.00,"3,806.00",,,
11-Jul-22,Paid Social,Not Valid,1-Dec-21,49,,,,,,"2,879.27",31.00,"20,925.00",,,
11-Jul-22,Paid Social,Comp,1-Dec-21,48,,,,,,"7,649.96",92.00,"30,976.00",,,
11-Jul-22,Paid Search,Not Valid,1-Dec-21,49,"$122,057.36","38,082,442","660,899","660,899",,"431,597.33","4,393.00","524,300.00",$3.21,$0.18,1.74 %
11-Jul-22,Paid Search,Performance,1-Dec-21,49,"$71,960.16","24,325,081","518,773","518,773",,,,,$2.96,$0.14,2.13 %
11-Jul-22,Paid Search,Not Valid,1-Dec-21,48,"$20,404.76","6,781,712","106,169","106,169",,"43,652.77",478.00,"73,744.00",$3.01,$0.19,1.57 %
11-Jul-22,Paid Search,Performance,1-Dec-21,48,"$12,275.56","4,818,089","85,862","85,862",,,,,$2.55,$0.14,1.78 %
11-Jul-22,Paid Search,Comp,1-Dec-21,49,,,,,,102.59,1.00,105.00,,,
11-Jul-22,Paid Search,Comp,1-Dec-21,48,,,,,,0.00,0.00,10.00,,,
11-Jul-22,Other,Not Valid,1-Dec-21,48,,,,,,"14,983.78",174.00,313.00,,,
11-Jul-22,Other,Not Valid,1-Dec-21,49,,,,,,"102,965.11","1,380.00","1,994.00",,,
11-Jul-22,Organic Social,Not Valid,1-Dec-21,48,,,,,,"1,442.49",17.00,"3,573.00",,,
11-Jul-22,Organic Social,Not Valid,1-Dec-21,49,,,,,,"18,134.23",185.00,"24,695.00",,,
11-Jul-22,Organic,Not Valid,1-Dec-21,49,,,,,,"94,063.58",894.00,0.00,,,
11-Jul-22,Organic,Not Valid,1-Dec-21,48,,,,,,"7,227.38",83.00,0.00,,,
11-Jul-22,Online Media,Not Valid,1-Dec-21,49,"$21,258.67","55,857,228","160,174","160,172",2,"95,466.95","1,075.00","212,887.00",$0.38,$0.13,0.29 %
11-Jul-22,Online Media,Not Valid,1-Dec-21,48,"$1,880.31","9,174,674","19,947","19,945",2,"9,045.61",115.00,"27,418.00",$0.20,$0.09,0.22 %
11-Jul-22,Online Media,Comp,1-Dec-21,49,,,,,,"8,729.63",76.00,"31,706.00",,,
11-Jul-22,Online Media,Comp,1-Dec-21,48,,,,,,413.55,4.00,"3,634.00",,,
11-Jul-22,Offline,Not Valid,1-Dec-21,49,,,,,,0.00,0.00,3.00,,,
11-Jul-22,Natural Search,Not Valid,1-Dec-21,49,,,,,,"258,204.56","2,400.00","280,178.00",,,
11-Jul-22,Natural Search,Not Valid,1-Dec-21,48,,,,,,"19,807.49",204.00,"33,890.00",,,
11-Jul-22,Email,Not Valid,1-Dec-21,48,,,,,,"10,049.04",97.00,"11,462.00",,,
11-Jul-22,Email,Not Valid,1-Dec-21,49,,,,,,"142,569.03","1,237.00","146,538.00",,,
11-Jul-22,Affiliate,Performance,1-Dec-21,49,"$13,217.84",22,,"42,222",,,,,"$600,810.91",$0.31,"191,918.18 %"
11-Jul-22,Affiliate,Performance,1-Dec-21,48,"$1,370.75",1,,"6,544",,,,,"$1,370,750.00",$0.21,"654,400.00 %"
11-Jul-22,Affiliate,Not Valid,1-Dec-21,48,,,,,,"3,102.59",34.00,"2,149.00",,,
11-Jul-22,Affiliate,Not Valid,1-Dec-21,49,,,,,,"46,701.94",482.00,"37,280.00",,,
18-Jul-22,Search Zone,Not Valid,1-Dec-21,50,,,,,,0.00,0.00,15.00,,,
18-Jul-22,Push Notification,Not Valid,1-Dec-21,50,,,,,,"91,342.98",535.00,0.00,,,
18-Jul-22,Push Notification,Not Valid,1-Dec-21,49,,,,,,"8,974.72",95.00,0.00,,,
18-Jul-22,Paid Social,Not Valid,1-Dec-21,50,,,,,,"6,635.63",81.00,"10,569.00",,,
18-Jul-22,Paid Social,Comp,1-Dec-21,49,,,,,,"10,100.58",120.00,"36,742.00",,,
18-Jul-22,Paid Social,Comp,1-Dec-21,50,,,,,,"74,504.10",890.00,"193,000.00",,,
18-Jul-22,Paid Social,Not Valid,1-Dec-21,49,,,,,,594.38,7.00,"1,832.00",,,
18-Jul-22,Paid Search,Not Valid,1-Dec-21,50,"$123,232.01","41,924,635","721,211","721,211",,"528,894.32","5,565.00","512,206.00",$2.94,$0.17,1.72 %
18-Jul-22,Paid Search,Performance,1-Dec-21,50,"$76,685.60","29,244,002","594,625","594,625",,,,,$2.62,$0.13,2.03 %
18-Jul-22,Paid Search,Not Valid,1-Dec-21,49,"$19,678.53","6,202,604","101,559","101,559",,"59,340.92",631.00,"73,255.00",$3.17,$0.19,1.64 %
18-Jul-22,Paid Search,Performance,1-Dec-21,49,"$11,654.26","4,149,541","79,761","79,761",,,,,$2.81,$0.15,1.92 %
18-Jul-22,Paid Search,Comp,1-Dec-21,50,,,,,,0.00,0.00,54.00,,,
18-Jul-22,Paid Search,Comp,1-Dec-21,49,,,,,,0.00,0.00,4.00,,,
18-Jul-22,Other,Not Valid,1-Dec-21,50,,,,,,"181,814.31","2,170.00","1,692.00",,,
18-Jul-22,Other,Not Valid,1-Dec-21,49,,,,,,"12,482.74",118.00,276.00,,,
18-Jul-22,Organic Social,Not Valid,1-Dec-21,49,,,,,,"2,834.44",32.00,"3,661.00",,,
18-Jul-22,Organic Social,Not Valid,1-Dec-21,50,,,,,,"15,453.29",173.00,"21,170.00",,,
18-Jul-22,Organic,Not Valid,1-Dec-21,50,,,,,,"99,187.42",982.00,0.00,,,
18-Jul-22,Organic,Not Valid,1-Dec-21,49,,,,,,"13,896.35",116.00,0.00,,,
18-Jul-22,Online Media,Not Valid,1-Dec-21,50,"$6,354.87","39,888,466","33,986","33,984",2,"125,267.52","1,507.00","170,256.00",$0.16,$0.19,0.09 %
18-Jul-22,Online Media,Not Valid,1-Dec-21,49,$948.43,"5,536,622","5,363","5,362",1,"15,483.37",172.00,"25,586.00",$0.17,$0.18,0.10 %
18-Jul-22,Online Media,Comp,1-Dec-21,50,,,,,,"8,509.40",81.00,"28,765.00",,,
18-Jul-22,Online Media,Comp,1-Dec-21,49,,,,,,"1,214.04",11.00,"4,203.00",,,
18-Jul-22,Offline,Not Valid,1-Dec-21,50,,,,,,0.00,0.00,8.00,,,
18-Jul-22,Offline,Not Valid,1-Dec-21,49,,,,,,0.00,0.00,2.00,,,
18-Jul-22,Natural Search,Not Valid,1-Dec-21,49,,,,,,"37,335.98",334.00,"40,729.00",,,
18-Jul-22,Natural Search,Not Valid,1-Dec-21,50,,,,,,"257,888.38","2,482.00","269,271.00",,,
18-Jul-22,Email,Not Valid,1-Dec-21,50,,,,,,"126,266.28","1,193.00","142,632.00",,,
18-Jul-22,Email,Not Valid,1-Dec-21,49,,,,,,"17,990.20",157.00,"12,552.00",,,
18-Jul-22,Affiliate,Performance,1-Dec-21,50,"$16,684.27",34,,"46,449",,,,,"$490,713.82",$0.36,"136,614.71 %"
18-Jul-22,Affiliate,Performance,1-Dec-21,49,"$2,109.27",7,,"7,038",,,,,"$301,324.29",$0.30,"100,542.86 %"
18-Jul-22,Affiliate,Not Valid,1-Dec-21,50,,,,,,"62,896.13",611.00,"27,739.00",,,
18-Jul-22,Affiliate,Not Valid,1-Dec-21,49,,,,,,"6,291.39",63.00,"4,849.00",,,
25-Jul-22,SMS,Not Valid,1-Dec-21,51,,,,,,0.00,0.00,1.00,,,
25-Jul-22,Search Zone,Not Valid,1-Dec-21,50,,,,,,0.00,0.00,1.00,,,
25-Jul-22,Search Zone,Not Valid,1-Dec-21,51,,,,,,0.00,0.00,2.00,,,
25-Jul-22,Push Notification,Not Valid,1-Dec-21,51,,,,,,"40,173.96",180.00,0.00,,,
25-Jul-22,Push Notification,Not Valid,1-Dec-21,50,,,,,,"6,345.93",24.00,0.00,,,
25-Jul-22,Paid Social,Comp,1-Dec-21,51,,,,,,"45,957.50",566.00,"121,389.00",,,
25-Jul-22,Paid Social,Not Valid,1-Dec-21,50,,,,,,"1,376.97",16.00,"1,981.00",,,
25-Jul-22,Paid Social,Not Valid,1-Dec-21,51,,,,,,"7,569.05",83.00,"5,315.00",,,
25-Jul-22,Paid Social,Comp,1-Dec-21,50,,,,,,"9,022.21",111.00,"32,844.00",,,
25-Jul-22,Paid Search,Not Valid,1-Dec-21,51,"$98,207.62","35,437,953","605,644","605,644",,"340,620.84","3,574.00","458,133.00",$2.77,$0.16,1.71 %
25-Jul-22,Paid Search,Performance,1-Dec-21,51,"$55,716.81","23,025,139","470,594","470,594",,,,,$2.42,$0.12,2.04 %
25-Jul-22,Paid Search,Not Valid,1-Dec-21,50,"$26,586.90","8,909,369","150,968","150,968",,"59,280.56",613.00,"84,206.00",$2.98,$0.18,1.69 %
25-Jul-22,Paid Search,Performance,1-Dec-21,50,"$18,604.88","7,004,356","129,422","129,422",,,,,$2.66,$0.14,1.85 %
25-Jul-22,Paid Search,Comp,1-Dec-21,50,,,,,,0.00,0.00,4.00,,,
25-Jul-22,Paid Search,Comp,1-Dec-21,51,,,,,,0.00,0.00,25.00,,,
25-Jul-22,Other,Not Valid,1-Dec-21,50,,,,,,"25,842.02",241.00,248.00,,,
25-Jul-22,Other,Not Valid,1-Dec-21,51,,,,,,"88,221.30","1,141.00",918.00,,,
25-Jul-22,Organic Social,Not Valid,1-Dec-21,51,,,,,,"9,509.48",104.00,"26,192.00",,,
25-Jul-22,Organic Social,Not Valid,1-Dec-21,50,,,,,,"1,926.19",23.00,"3,310.00",,,
25-Jul-22,Organic,Not Valid,1-Dec-21,50,,,,,,"12,143.85",130.00,0.00,,,
25-Jul-22,Organic,Not Valid,1-Dec-21,51,,,,,,"52,309.09",570.00,0.00,,,
25-Jul-22,Online Media,Not Valid,1-Dec-21,51,"$5,758.66","32,611,949","41,947","41,927",20,"76,799.99",884.00,"152,681.00",$0.18,$0.14,0.13 %
25-Jul-22,Online Media,Not Valid,1-Dec-21,50,"$1,095.41","6,027,262","12,506","12,506",0,"13,466.39",170.00,"31,095.00",$0.18,$0.09,0.21 %
25-Jul-22,Online Media,Comp,1-Dec-21,50,,,,,,423.44,5.00,"3,647.00",,,
25-Jul-22,Online Media,Comp,1-Dec-21,51,,,,,,"4,640.60",46.00,"26,397.00",,,
25-Jul-22,Offline,Not Valid,1-Dec-21,51,,,,,,0.00,0.00,5.00,,,
25-Jul-22,Natural Search,Not Valid,1-Dec-21,50,,,,,,"22,333.73",219.00,"36,447.00",,,
25-Jul-22,Natural Search,Not Valid,1-Dec-21,51,,,,,,"183,245.64","1,792.00","270,445.00",,,
25-Jul-22,Email,Not Valid,1-Dec-21,51,,,,,,"91,392.39",878.00,"101,127.00",,,
25-Jul-22,Email,Not Valid,1-Dec-21,50,,,,,,"15,303.75",152.00,"15,557.00",,,
25-Jul-22,Affiliate,Performance,1-Dec-21,51,"$10,640.68",70,,"35,192",,,,,"$152,009.71",$0.30,"50,274.29 %"
25-Jul-22,Affiliate,Performance,1-Dec-21,50,"$1,869.48",2,,"5,083",,,,,"$934,740.00",$0.37,"254,150.00 %"
25-Jul-22,Affiliate,Not Valid,1-Dec-21,51,,,,,,"33,432.19",362.00,"16,254.00",,,
25-Jul-22,Affiliate,Not Valid,1-Dec-21,50,,,,,,"5,692.36",58.00,"2,192.00",,,
1-Aug-22,SMS,Not Valid,1-Dec-21,52,,,,,,0.00,0.00,2.00,,,
1-Aug-22,Search Zone,Not Valid,1-Dec-21,52,,,,,,0.00,0.00,6.00,,,
1-Aug-22,Push Notification,Not Valid,1-Dec-21,51,,,,,,"4,054.15",17.00,0.00,,,
1-Aug-22,Push Notification,Not Valid,1-Dec-21,52,,,,,,"44,920.47",113.00,0.00,,,
1-Aug-22,Paid Social,Comp,1-Dec-21,51,,,,,,"6,372.95",73.00,"21,232.00",,,
1-Aug-22,Paid Social,Comp,1-Dec-21,52,,,,,,"68,805.10",839.00,"173,595.00",,,
1-Aug-22,Paid Social,Not Valid,1-Dec-21,52,,,,,,"32,571.92",360.00,"6,566.00",,,
1-Aug-22,Paid Social,Not Valid,1-Dec-21,51,,,,,,"1,516.09",17.00,"1,000.00",,,
1-Aug-22,Paid Search,Not Valid,1-Dec-21,52,"$85,911.34","33,913,974","552,717","552,717",,"342,139.31","3,574.00","422,224.00",$2.53,$0.16,1.63 %
1-Aug-22,Paid Search,Performance,1-Dec-21,52,"$48,557.92","20,708,838","423,196","423,196",,,,,$2.34,$0.11,2.04 %
1-Aug-22,Paid Search,Not Valid,1-Dec-21,51,"$18,389.15","7,225,392","110,316","110,316",,"42,047.32",438.00,"79,310.00",$2.55,$0.17,1.53 %
1-Aug-22,Paid Search,Performance,1-Dec-21,51,"$10,953.99","5,016,908","86,303","86,303",,,,,$2.18,$0.13,1.72 %
1-Aug-22,Paid Search,Comp,1-Dec-21,51,,,,,,0.00,0.00,5.00,,,
1-Aug-22,Paid Search,Comp,1-Dec-21,52,,,,,,45.90,1.00,20.00,,,
1-Aug-22,Other,Not Valid,1-Dec-21,52,,,,,,"175,841.84","2,183.00","1,728.00",,,
1-Aug-22,Other,Not Valid,1-Dec-21,51,,,,,,"8,482.76",113.00,141.00,,,
1-Aug-22,Organic Social,Not Valid,1-Dec-21,52,,,,,,"12,412.74",132.00,"20,309.00",,,
1-Aug-22,Organic Social,Not Valid,1-Dec-21,51,,,,,,"5,592.61",61.00,"3,501.00",,,
1-Aug-22,Organic,Not Valid,1-Dec-21,51,,,,,,"6,338.87",72.00,0.00,,,
1-Aug-22,Organic,Not Valid,1-Dec-21,52,,,,,,"52,711.76",586.00,0.00,,,
1-Aug-22,Online Media,Not Valid,1-Dec-21,52,"$5,444.63","31,135,307","41,978","41,977",1,"90,622.29","1,056.00","139,485.00",$0.17,$0.13,0.13 %
1-Aug-22,Online Media,Not Valid,1-Dec-21,51,$919.71,"4,898,614","8,334","8,334",0,"9,529.56",113.00,"25,345.00",$0.19,$0.11,0.17 %
1-Aug-22,Online Media,Comp,1-Dec-21,51,,,,,,655.75,5.00,"2,161.00",,,
1-Aug-22,Online Media,Comp,1-Dec-21,52,,,,,,"7,007.67",58.00,"17,007.00",,,
1-Aug-22,Offline,Not Valid,1-Dec-21,52,,,,,,0.00,0.00,5.00,,,
1-Aug-22,Offline,Not Valid,1-Dec-21,51,,,,,,0.00,0.00,1.00,,,
1-Aug-22,Natural Search,Not Valid,1-Dec-21,52,,,,,,"177,254.34","1,792.00","256,829.00",,,
1-Aug-22,Natural Search,Not Valid,1-Dec-21,51,,,,,,"21,021.59",223.00,"39,459.00",,,
1-Aug-22,Email,Not Valid,1-Dec-21,52,,,,,,"106,339.50","1,082.00","147,423.00",,,
1-Aug-22,Email,Not Valid,1-Dec-21,51,,,,,,"6,589.93",75.00,"9,541.00",,,
1-Aug-22,Affiliate,Performance,1-Dec-21,52,"$11,576.09",22,,"34,353",,,,,"$526,185.91",$0.34,"156,150.00 %"
1-Aug-22,Affiliate,Performance,1-Dec-21,51,"$1,096.21",23,,"5,400",,,,,"$47,661.30",$0.20,"23,478.26 %"
1-Aug-22,Affiliate,Not Valid,1-Dec-21,51,,,,,,"6,605.83",75.00,"2,571.00",,,
1-Aug-22,Affiliate,Not Valid,1-Dec-21,52,,,,,,"36,569.91",394.00,"17,067.00",,,
1-Aug-22,Push Notification,Not Valid,1-Jan-22,52,,,,,,"4,362.67",13.00,0.00,,,
1-Aug-22,Paid Social,Not Valid,1-Jan-22,52,,,,,,"5,244.51",60.00,"2,501.00",,,
1-Aug-22,Paid Social,Comp,1-Jan-22,52,,,,,,"11,713.06",147.00,"51,249.00",,,
1-Aug-22,Paid Search,Not Valid,1-Jan-22,52,"$16,596.30","9,030,599","120,184","120,184",,"36,776.84",376.00,"49,874.00",$1.84,$0.14,1.33 %
1-Aug-22,Paid Search,Performance,1-Jan-22,52,"$8,923.88","5,323,563","86,733","86,733",,,,,$1.68,$0.10,1.63 %
1-Aug-22,Paid Search,Comp,1-Jan-22,52,,,,,,0.00,0.00,3.00,,,
1-Aug-22,Other,Not Valid,1-Jan-22,52,,,,,,"16,469.77",204.00,316.00,,,
1-Aug-22,Organic Social,Not Valid,1-Jan-22,52,,,,,,"1,841.06",22.00,"3,753.00",,,
1-Aug-22,Organic,Not Valid,1-Jan-22,52,,,,,,"6,549.78",61.00,0.00,,,
1-Aug-22,Online Media,Not Valid,1-Jan-22,52,$803.42,"3,047,537","7,865","7,865",0,"11,165.03",140.00,"21,940.00",$0.26,$0.10,0.26 %
1-Aug-22,Online Media,Comp,1-Jan-22,52,,,,,,946.29,9.00,"3,961.00",,,
1-Aug-22,Offline,Not Valid,1-Jan-22,52,,,,,,0.00,0.00,3.00,,,
1-Aug-22,Natural Search,Not Valid,1-Jan-22,52,,,,,,"15,888.09",164.00,"28,504.00",,,
1-Aug-22,Email,Not Valid,1-Jan-22,52,,,,,,"9,315.65",91.00,"10,671.00",,,
1-Aug-22,Affiliate,Performance,1-Jan-22,52,"$1,010.22",2,,"3,756",,,,,"$505,110.00",$0.27,"187,800.00 %"
1-Aug-22,Affiliate,Not Valid,1-Jan-22,52,,,,,,"4,124.94",43.00,"1,673.00",,,
8-Aug-22,SMS,Not Valid,1-Jan-22,01,,,,,,0.00,0.00,2.00,,,
8-Aug-22,Search Zone,Not Valid,1-Jan-22,01,,,,,,0.00,0.00,6.00,,,
8-Aug-22,Push Notification,Not Valid,1-Jan-22,52,,,,,,"4,136.71",20.00,0.00,,,
8-Aug-22,Push Notification,Not Valid,1-Jan-22,01,,,,,,"62,398.08",580.00,0.00,,,
8-Aug-22,Paid Social,Not Valid,1-Jan-22,52,,,,,,"5,869.57",69.00,"3,629.00",,,
8-Aug-22,Paid Social,Comp,1-Jan-22,01,,,,,,"88,377.98","1,062.00","320,022.00",,,
8-Aug-22,Paid Social,Not Valid,1-Jan-22,01,,,,,,"40,000.74",405.00,"16,278.00",,,
8-Aug-22,Paid Social,Comp,1-Jan-22,52,,,,,,"15,156.37",199.00,"54,483.00",,,
8-Aug-22,Paid Search,Not Valid,1-Jan-22,01,"$115,732.26","49,297,697","707,903","707,903",,"407,495.23","4,332.00","510,002.00",$2.35,$0.16,1.44 %
8-Aug-22,Paid Search,Performance,1-Jan-22,01,"$69,545.47","27,757,316","532,991","532,991",,,,,$2.51,$0.13,1.92 %
8-Aug-22,Paid Search,Not Valid,1-Jan-22,52,"$20,691.37","9,181,443","133,563","133,563",,"49,255.70",523.00,"73,960.00",$2.25,$0.15,1.45 %
8-Aug-22,Paid Search,Performance,1-Jan-22,52,"$12,973.71","5,998,064","101,255","101,255",,,,,$2.16,$0.13,1.69 %
8-Aug-22,Paid Search,Comp,1-Jan-22,01,,,,,,0.00,0.00,30.00,,,
8-Aug-22,Other,Not Valid,1-Jan-22,01,,,,,,"192,669.21","1,986.00","2,865.00",,,
8-Aug-22,Other,Not Valid,1-Jan-22,52,,,,,,"18,636.93",217.00,340.00,,,
8-Aug-22,Organic Social,Not Valid,1-Jan-22,01,,,,,,"14,594.63",157.00,"26,276.00",,,
8-Aug-22,Organic Social,Not Valid,1-Jan-22,52,,,,,,"2,762.42",28.00,"4,456.00",,,
8-Aug-22,Organic,Not Valid,1-Jan-22,01,,,,,,"63,348.56",677.00,0.00,,,
8-Aug-22,Organic,Not Valid,1-Jan-22,52,,,,,,"7,992.70",91.00,0.00,,,
8-Aug-22,Online Media,Not Valid,1-Jan-22,01,"$11,242.40","71,720,477","89,534","89,534",0,"96,162.66","1,171.00","186,210.00",$0.16,$0.13,0.12 %
8-Aug-22,Online Media,Not Valid,1-Jan-22,52,"$1,748.96","11,169,450","15,461","15,461",0,"12,943.51",165.00,"30,587.00",$0.16,$0.11,0.14 %
8-Aug-22,Online Media,Comp,1-Jan-22,52,,,,,,757.62,5.00,"4,143.00",,,
8-Aug-22,Online Media,Comp,1-Jan-22,01,,,,,,"8,014.92",83.00,"40,434.00",,,
8-Aug-22,Offline,Not Valid,1-Jan-22,01,,,,,,0.00,0.00,6.00,,,
8-Aug-22,Offline,Not Valid,1-Jan-22,52,,,,,,0.00,0.00,1.00,,,
8-Aug-22,Natural Search,Not Valid,1-Jan-22,01,,,,,,"200,902.97","2,051.00","284,476.00",,,
8-Aug-22,Natural Search,Not Valid,1-Jan-22,52,,,,,,"21,770.14",224.00,"35,191.00",,,
8-Aug-22,Email,Not Valid,1-Jan-22,52,,,,,,"9,981.65",107.00,"11,351.00",,,
8-Aug-22,Email,Not Valid,1-Jan-22,01,,,,,,"106,343.66","1,028.00","163,126.00",,,
8-Aug-22,Affiliate,Performance,1-Jan-22,01,"$14,858.03",62,,"61,540",,,,,"$239,645.65",$0.24,"99,258.06 %"
8-Aug-22,Affiliate,Performance,1-Jan-22,52,"$1,401.59",5,,"5,435",,,,,"$280,318.00",$0.26,"108,700.00 %"
8-Aug-22,Affiliate,Not Valid,1-Jan-22,52,,,,,,"4,421.83",50.00,"2,351.00",,,
8-Aug-22,Affiliate,Not Valid,1-Jan-22,01,,,,,,"53,371.19",566.00,"26,600.00",,,
15-Aug-22,Search Zone,Not Valid,1-Jan-22,02,,,,,,110.80,1.00,12.00,,,
15-Aug-22,Search Zone,Not Valid,1-Jan-22,01,,,,,,0.00,0.00,1.00,,,
15-Aug-22,Push Notification,Not Valid,1-Jan-22,01,,,,,,"5,808.56",68.00,0.00,,,
15-Aug-22,Push Notification,Not Valid,1-Jan-22,02,,,,,,"33,921.06",365.00,0.00,,,
15-Aug-22,Paid Social,Not Valid,1-Jan-22,02,,,,,,"29,275.15",319.00,"12,627.00",,,
15-Aug-22,Paid Social,Not Valid,1-Jan-22,01,,,,,,"3,587.09",47.00,"3,115.00",,,
15-Aug-22,Paid Social,Comp,1-Jan-22,01,,,,,,"12,938.57",159.00,"53,786.00",,,
15-Aug-22,Paid Social,Comp,1-Jan-22,02,,,,,,"83,259.54",964.00,"311,358.00",,,
15-Aug-22,Paid Search,Not Valid,1-Jan-22,02,"$129,255.88","50,853,120","742,647","742,647",,"384,674.74","3,815.00","567,880.00",$2.54,$0.17,1.46 %
15-Aug-22,Paid Search,Performance,1-Jan-22,02,"$82,918.41","25,954,050","561,136","561,136",,,,,$3.19,$0.15,2.16 %
15-Aug-22,Paid Search,Not Valid,1-Jan-22,01,"$17,936.32","8,794,625","117,539","117,539",,"52,182.61",553.00,"74,965.00",$2.04,$0.15,1.34 %
15-Aug-22,Paid Search,Performance,1-Jan-22,01,"$10,234.65","4,833,015","85,747","85,747",,,,,$2.12,$0.12,1.77 %
15-Aug-22,Paid Search,Comp,1-Jan-22,01,,,,,,0.00,0.00,1.00,,,
15-Aug-22,Paid Search,Comp,1-Jan-22,02,,,,,,0.00,0.00,23.00,,,
15-Aug-22,Other,Not Valid,1-Jan-22,02,,,,,,"146,071.47","1,468.00","3,559.00",,,
15-Aug-22,Other,Not Valid,1-Jan-22,01,,,,,,"22,594.64",225.00,525.00,,,
15-Aug-22,Organic Social,Not Valid,1-Jan-22,01,,,,,,"2,050.49",25.00,"4,181.00",,,
15-Aug-22,Organic Social,Not Valid,1-Jan-22,02,,,,,,"13,447.92",138.00,"28,388.00",,,
15-Aug-22,Organic,Not Valid,1-Jan-22,02,,,,,,"56,458.39",596.00,0.00,,,
15-Aug-22,Organic,Not Valid,1-Jan-22,01,,,,,,"6,864.67",65.00,0.00,,,
15-Aug-22,Online Media,Not Valid,1-Jan-22,02,"$9,288.40","50,182,768","58,262","58,262",0,"94,383.93","1,117.00","174,486.00",$0.19,$0.16,0.12 %
15-Aug-22,Online Media,Not Valid,1-Jan-22,01,"$1,633.74","10,271,810","10,269","10,269",0,"16,056.96",188.00,"29,259.00",$0.16,$0.16,0.10 %
15-Aug-22,Online Media,Comp,1-Jan-22,01,,,,,,644.41,6.00,"5,515.00",,,
15-Aug-22,Online Media,Comp,1-Jan-22,02,,,,,,"6,352.27",54.00,"37,231.00",,,
15-Aug-22,Offline,Not Valid,1-Jan-22,02,,,,,,0.00,0.00,13.00,,,
15-Aug-22,Natural Search,Not Valid,1-Jan-22,01,,,,,,"22,607.30",242.00,"39,581.00",,,
15-Aug-22,Natural Search,Not Valid,1-Jan-22,02,,,,,,"171,330.62","1,640.00","293,645.00",,,
15-Aug-22,Email,Not Valid,1-Jan-22,02,,,,,,"114,633.81","1,080.00","147,011.00",,,
15-Aug-22,Email,Not Valid,1-Jan-22,01,,,,,,"11,935.72",103.00,"15,640.00",,,
15-Aug-22,Affiliate,Performance,1-Jan-22,02,"$15,448.63",146,,"72,955",,,,,"$105,812.53",$0.21,"49,969.18 %"
15-Aug-22,Affiliate,Performance,1-Jan-22,01,"$2,374.81",1,,"14,465",,,,,"$2,374,810.00",$0.16,"1,446,500.00 %"
15-Aug-22,Affiliate,Not Valid,1-Jan-22,01,,,,,,"6,205.45",77.00,"5,333.00",,,
15-Aug-22,Affiliate,Not Valid,1-Jan-22,02,,,,,,"44,418.02",480.00,"42,266.00",,,
22-Aug-22,Search Zone,Not Valid,1-Jan-22,02,,,,,,0.00,0.00,3.00,,,
22-Aug-22,Search Zone,Not Valid,1-Jan-22,03,,,,,,0.00,0.00,12.00,,,
22-Aug-22,Push Notification,Not Valid,1-Jan-22,03,,,,,,"24,396.78",350.00,0.00,,,
22-Aug-22,Push Notification,Not Valid,1-Jan-22,02,,,,,,"4,661.25",46.00,0.00,,,
22-Aug-22,Paid Social,Not Valid,1-Jan-22,03,,,,,,"23,956.18",264.00,"6,828.00",,,
22-Aug-22,Paid Social,Comp,1-Jan-22,02,,,,,,"16,226.11",182.00,"58,721.00",,,
22-Aug-22,Paid Social,Not Valid,1-Jan-22,02,,,,,,"4,690.19",45.00,"2,052.00",,,
22-Aug-22,Paid Social,Comp,1-Jan-22,03,,,,,,"96,873.86","1,226.00","255,828.00",,,
22-Aug-22,Paid Search,Not Valid,1-Jan-22,03,"$101,486.69","41,019,943","638,049","638,049",,"341,326.75","3,470.00","477,657.00",$2.47,$0.16,1.56 %
22-Aug-22,Paid Search,Performance,1-Jan-22,03,"$51,130.24","17,554,324","443,146","443,146",,,,,$2.91,$0.12,2.52 %
22-Aug-22,Paid Search,Not Valid,1-Jan-22,02,"$23,610.10","7,450,744","118,494","118,494",,"49,830.00",528.00,"87,801.00",$3.17,$0.20,1.59 %
22-Aug-22,Paid Search,Performance,1-Jan-22,02,"$15,660.20","4,097,379","92,391","92,391",,,,,$3.82,$0.17,2.25 %
22-Aug-22,Paid Search,Comp,1-Jan-22,02,,,,,,0.00,0.00,1.00,,,
22-Aug-22,Paid Search,Comp,1-Jan-22,03,,,,,,0.00,0.00,14.00,,,
22-Aug-22,Other,Not Valid,1-Jan-22,03,,,,,,"153,022.41","1,577.00","1,920.00",,,
22-Aug-22,Other,Not Valid,1-Jan-22,02,,,,,,"17,518.03",195.00,752.00,,,
22-Aug-22,Organic Social,Not Valid,1-Jan-22,02,,,,,,"3,133.31",36.00,"5,529.00",,,
22-Aug-22,Organic Social,Not Valid,1-Jan-22,03,,,,,,"14,855.30",180.00,"32,507.00",,,
22-Aug-22,Organic,Not Valid,1-Jan-22,03,,,,,,"59,374.95",610.00,0.00,,,
22-Aug-22,Organic,Not Valid,1-Jan-22,02,,,,,,"8,249.05",77.00,0.00,,,
22-Aug-22,Online Media,Not Valid,1-Jan-22,03,"$4,348.51","2,640,938","32,258","32,257",1,"97,449.89","1,156.00","150,427.00",$1.65,$0.13,1.22 %
22-Aug-22,Online Media,Not Valid,1-Jan-22,02,$688.15,"324,352","6,499","6,499",0,"13,297.41",146.00,"24,922.00",$2.12,$0.11,2.00 %
22-Aug-22,Online Media,Comp,1-Jan-22,03,,,,,,"9,358.23",101.00,"35,785.00",,,
22-Aug-22,Online Media,Comp,1-Jan-22,02,,,,,,738.70,7.00,"5,091.00",,,
22-Aug-22,Offline,Not Valid,1-Jan-22,03,,,,,,0.00,0.00,5.00,,,
22-Aug-22,Offline,Not Valid,1-Jan-22,02,,,,,,0.00,0.00,1.00,,,
22-Aug-22,Natural Search,Not Valid,1-Jan-22,02,,,,,,"25,129.18",245.00,"41,506.00",,,
22-Aug-22,Natural Search,Not Valid,1-Jan-22,03,,,,,,"191,883.62","1,874.00","284,726.00",,,
22-Aug-22,Email,Not Valid,1-Jan-22,02,,,,,,"11,133.37",110.00,"12,872.00",,,
22-Aug-22,Email,Not Valid,1-Jan-22,03,,,,,,"147,508.60","1,325.00","134,750.00",,,
22-Aug-22,Affiliate,Performance,1-Jan-22,03,"$15,153.50",253,,"71,138",,,,,"$59,895.26",$0.21,"28,117.79 %"
22-Aug-22,Affiliate,Performance,1-Jan-22,02,"$1,657.69",10,,"7,129",,,,,"$165,769.00",$0.23,"71,290.00 %"
22-Aug-22,Affiliate,Not Valid,1-Jan-22,02,,,,,,"6,581.72",62.00,"2,759.00",,,
22-Aug-22,Affiliate,Not Valid,1-Jan-22,03,,,,,,"59,775.19",661.00,"41,878.00",,,
29-Aug-22,Search Zone,Not Valid,1-Jan-22,04,,,,,,0.00,0.00,10.00,,,
29-Aug-22,Search Zone,Not Valid,1-Jan-22,03,,,,,,0.00,0.00,3.00,,,
29-Aug-22,Push Notification,Not Valid,1-Jan-22,03,,,,,,"2,783.21",34.00,0.00,,,
29-Aug-22,Push Notification,Not Valid,1-Jan-22,04,,,,,,"43,650.27",402.00,0.00,,,
29-Aug-22,Paid Social,Not Valid,1-Jan-22,03,,,,,,"2,992.41",40.00,985.00,,,
29-Aug-22,Paid Social,Comp,1-Jan-22,04,,,,,,"65,800.35",827.00,"243,404.00",,,
29-Aug-22,Paid Social,Not Valid,1-Jan-22,04,,,,,,"19,159.49",196.00,"6,800.00",,,
29-Aug-22,Paid Social,Comp,1-Jan-22,03,,,,,,"15,426.08",198.00,"42,334.00",,,
29-Aug-22,Paid Search,Not Valid,1-Jan-22,04,"$102,284.64","35,787,046","611,479","611,479",,"263,701.60","2,760.00","483,240.00",$2.86,$0.17,1.71 %
29-Aug-22,Paid Search,Performance,1-Jan-22,04,"$54,856.35","17,536,304","452,698","452,698",,,,,$3.13,$0.12,2.58 %
29-Aug-22,Paid Search,Not Valid,1-Jan-22,03,"$16,489.23","6,669,868","110,342","110,342",,"38,714.19",414.00,"73,269.00",$2.47,$0.15,1.65 %
29-Aug-22,Paid Search,Performance,1-Jan-22,03,"$8,380.67","3,307,055","81,351","81,351",,,,,$2.53,$0.10,2.46 %
29-Aug-22,Paid Search,Comp,1-Jan-22,03,,,,,,0.00,0.00,2.00,,,
29-Aug-22,Paid Search,Comp,1-Jan-22,04,,,,,,0.00,0.00,9.00,,,
29-Aug-22,Other,Not Valid,1-Jan-22,03,,,,,,"12,500.87",134.00,220.00,,,
29-Aug-22,Other,Not Valid,1-Jan-22,04,,,,,,"161,147.80","1,541.00","1,837.00",,,
29-Aug-22,Organic Social,Not Valid,1-Jan-22,03,,,,,,"2,309.69",23.00,"5,488.00",,,
29-Aug-22,Organic Social,Not Valid,1-Jan-22,04,,,,,,"12,669.90",118.00,"28,057.00",,,
29-Aug-22,Organic,Not Valid,1-Jan-22,03,,,,,,"5,155.59",61.00,0.00,,,
29-Aug-22,Organic,Not Valid,1-Jan-22,04,,,,,,"43,550.72",483.00,0.00,,,
29-Aug-22,Online Media,Not Valid,1-Jan-22,04,"$4,894.29","7,360,350","50,997","50,997",0,"84,636.79","1,009.00","168,179.00",$0.66,$0.10,0.69 %
29-Aug-22,Online Media,Not Valid,1-Jan-22,03,"$1,137.92","893,389","10,565","10,565",0,"15,468.00",175.00,"26,802.00",$1.27,$0.11,1.18 %
29-Aug-22,Online Media,Comp,1-Jan-22,04,,,,,,"7,217.61",74.00,"37,493.00",,,
29-Aug-22,Online Media,Comp,1-Jan-22,03,,,,,,820.04,9.00,"4,753.00",,,
29-Aug-22,Offline,Not Valid,1-Jan-22,03,,,,,,0.00,0.00,1.00,,,
29-Aug-22,Offline,Not Valid,1-Jan-22,04,,,,,,0.00,0.00,2.00,,,
29-Aug-22,Natural Search,Not Valid,1-Jan-22,03,,,,,,"16,692.20",175.00,"38,400.00",,,
29-Aug-22,Natural Search,Not Valid,1-Jan-22,04,,,,,,"136,086.62","1,434.00","257,240.00",,,
29-Aug-22,Email,Not Valid,1-Jan-22,04,,,,,,"83,756.90",778.00,"102,063.00",,,
29-Aug-22,Email,Not Valid,1-Jan-22,03,,,,,,"7,555.42",76.00,"13,922.00",,,
29-Aug-22,Affiliate,Performance,1-Jan-22,04,"$6,976.24",806,,"36,020",,,,,"$8,655.38",$0.19,"4,468.98 %"
29-Aug-22,Affiliate,Performance,1-Jan-22,03,"$2,013.78",79,,"9,334",,,,,"$25,490.89",$0.22,"11,815.19 %"
29-Aug-22,Affiliate,Not Valid,1-Jan-22,03,,,,,,"6,725.66",77.00,"5,928.00",,,
29-Aug-22,Affiliate,Not Valid,1-Jan-22,04,,,,,,"36,876.44",402.00,"23,669.00",,,
5-Sep-22,Search Zone,Not Valid,1-Jan-22,05,,,,,,0.00,0.00,2.00,,,
5-Sep-22,Push Notification,Not Valid,1-Jan-22,05,,,,,,"10,914.76",76.00,0.00,,,
5-Sep-22,Push Notification,Not Valid,1-Jan-22,04,,,,,,"3,635.14",34.00,0.00,,,
5-Sep-22,Paid Social,Comp,1-Jan-22,04,,,,,,"8,917.18",112.00,"38,304.00",,,
5-Sep-22,Paid Social,Not Valid,1-Jan-22,05,,,,,,"2,026.72",21.00,"2,198.00",,,
5-Sep-22,Paid Social,Comp,1-Jan-22,05,,,,,,"12,319.04",152.00,"37,780.00",,,
5-Sep-22,Paid Social,Not Valid,1-Jan-22,04,,,,,,"2,082.35",24.00,"2,237.00",,,
5-Sep-22,Paid Search,Not Valid,1-Jan-22,05,"$16,355.09","6,548,527","101,103","101,103",,"59,681.45",586.00,"77,686.00",$2.50,$0.16,1.54 %
5-Sep-22,Paid Search,Not Valid,1-Jan-22,04,"$16,134.36","5,740,933","101,531","101,531",,"32,225.96",350.00,"65,902.00",$2.81,$0.16,1.77 %
5-Sep-22,Paid Search,Performance,1-Jan-22,04,"$8,617.01","2,859,150","71,589","71,589",,,,,$3.01,$0.12,2.50 %
5-Sep-22,Paid Search,Performance,1-Jan-22,05,"$7,901.27","3,074,885","68,466","68,466",,,,,$2.57,$0.12,2.23 %
5-Sep-22,Paid Search,Comp,1-Jan-22,05,,,,,,0.00,0.00,1.00,,,
5-Sep-22,Paid Search,Comp,1-Jan-22,04,,,,,,0.00,0.00,1.00,,,
5-Sep-22,Other,Not Valid,1-Jan-22,05,,,,,,"28,556.43",306.00,470.00,,,
5-Sep-22,Other,Not Valid,1-Jan-22,04,,,,,,"17,658.75",185.00,362.00,,,
5-Sep-22,Organic Social,Not Valid,1-Jan-22,05,,,,,,"2,120.08",23.00,"4,570.00",,,
5-Sep-22,Organic Social,Not Valid,1-Jan-22,04,,,,,,"2,203.61",19.00,"4,414.00",,,
5-Sep-22,Organic,Not Valid,1-Jan-22,05,,,,,,"43,490.70",409.00,0.00,,,
5-Sep-22,Organic,Not Valid,1-Jan-22,04,,,,,,"5,442.38",56.00,0.00,,,
5-Sep-22,Online Media,Not Valid,1-Jan-22,04,$590.90,"1,065,717","8,397","8,397",0,"9,843.51",120.00,"23,875.00",$0.55,$0.07,0.79 %
5-Sep-22,Online Media,Not Valid,1-Jan-22,05,$511.39,"648,699","5,483","5,483",0,"13,223.37",162.00,"25,067.00",$0.79,$0.09,0.85 %
5-Sep-22,Online Media,Comp,1-Jan-22,05,,,,,,"2,579.15",23.00,"7,431.00",,,
5-Sep-22,Online Media,Comp,1-Jan-22,04,,,,,,923.73,8.00,"5,041.00",,,
5-Sep-22,Natural Search,Not Valid,1-Jan-22,05,,,,,,"40,088.70",391.00,"41,884.00",,,
5-Sep-22,Natural Search,Not Valid,1-Jan-22,04,,,,,,"12,909.78",146.00,"37,975.00",,,
5-Sep-22,Email,Not Valid,1-Jan-22,04,,,,,,"8,478.37",85.00,"11,459.00",,,
5-Sep-22,Email,Not Valid,1-Jan-22,05,,,,,,"42,558.76",415.00,"14,292.00",,,
5-Sep-22,Affiliate,Performance,1-Jan-22,05,"$1,626.56",17,,"10,379",,,,,"$95,680.00",$0.16,"61,052.94 %"
5-Sep-22,Affiliate,Performance,1-Jan-22,04,"$1,164.91",8,,"7,785",,,,,"$145,613.75",$0.15,"97,312.50 %"
5-Sep-22,Affiliate,Not Valid,1-Jan-22,05,,,,,,"18,496.76",172.00,"4,836.00",,,
5-Sep-22,Affiliate,Not Valid,1-Jan-22,04,,,,,,"2,719.95",35.00,"3,915.00",,,
5-Sep-22,SMS,Not Valid,1-Feb-22,05,,,,,,0.00,0.00,1.00,,,
5-Sep-22,Search Zone,Not Valid,1-Feb-22,05,,,,,,0.00,0.00,16.00,,,
5-Sep-22,Push Notification,Not Valid,1-Feb-22,05,,,,,,"31,169.31",231.00,1.00,,,
5-Sep-22,Paid Social,Not Valid,1-Feb-22,05,,,,,,"12,466.76",127.00,"9,039.00",,,
5-Sep-22,Paid Social,Comp,1-Feb-22,05,,,,,,"50,601.20",591.00,"179,365.00",,,
5-Sep-22,Paid Search,Not Valid,1-Feb-22,05,"$88,009.41","31,164,820","503,972","503,972",,"266,512.60","2,604.00","383,586.00",$2.82,$0.17,1.62 %
5-Sep-22,Paid Search,Performance,1-Feb-22,05,"$48,274.62","15,054,350","367,466","367,466",,,,,$3.21,$0.13,2.44 %
5-Sep-22,Paid Search,Comp,1-Feb-22,05,,,,,,0.00,0.00,10.00,,,
5-Sep-22,Other,Not Valid,1-Feb-22,05,,,,,,"104,193.09","1,075.00","2,800.00",,,
5-Sep-22,Organic Social,Not Valid,1-Feb-22,05,,,,,,"10,863.13",124.00,"22,266.00",,,
5-Sep-22,Organic,Not Valid,1-Feb-22,05,,,,,,"56,111.83",518.00,0.00,,,
5-Sep-22,Online Media,Not Valid,1-Feb-22,05,"$4,353.28","15,080,247","65,703","65,703",0,"55,669.76",696.00,"123,872.00",$0.29,$0.07,0.44 %
5-Sep-22,Online Media,Comp,1-Feb-22,05,,,,,,"6,622.16",71.00,"31,183.00",,,
5-Sep-22,Offline,Not Valid,1-Feb-22,05,,,,,,0.00,0.00,1.00,,,
5-Sep-22,Natural Search,Not Valid,1-Feb-22,05,,,,,,"141,950.85","1,381.00","211,325.00",,,
5-Sep-22,Email,Not Valid,1-Feb-22,05,,,,,,"75,027.31",737.00,"88,760.00",,,
5-Sep-22,Affiliate,Performance,1-Feb-22,05,"$8,908.77",76,,"40,910",,,,,"$117,220.66",$0.22,"53,828.95 %"
5-Sep-22,Affiliate,Not Valid,1-Feb-22,05,,,,,,"38,239.62",386.00,"20,820.00",,,
12-Sep-22,Search Zone,Not Valid,1-Feb-22,06,,,,,,0.00,0.00,7.00,,,
12-Sep-22,Push Notification,Not Valid,1-Feb-22,05,,,,,,"1,622.87",12.00,0.00,,,
12-Sep-22,Push Notification,Not Valid,1-Feb-22,06,,,,,,"41,507.18",278.00,0.00,,,
12-Sep-22,Paid Social,Comp,1-Feb-22,05,,,,,,"10,276.08",117.00,"40,965.00",,,
12-Sep-22,Paid Social,Not Valid,1-Feb-22,06,,,,,,"11,595.77",114.00,"9,457.00",,,
12-Sep-22,Paid Social,Not Valid,1-Feb-22,05,,,,,,"1,143.76",13.00,"1,589.00",,,
12-Sep-22,Paid Social,Comp,1-Feb-22,06,,,,,,"57,300.27",662.00,"221,129.00",,,
12-Sep-22,Paid Search,Not Valid,1-Feb-22,06,"$101,349.56","38,656,488","596,077","596,077",,"299,395.60","3,042.00","463,567.00",$2.62,$0.17,1.54 %
12-Sep-22,Paid Search,Performance,1-Feb-22,06,"$54,033.07","17,487,181","422,773","422,773",,,,,$3.09,$0.13,2.42 %
12-Sep-22,Paid Search,Not Valid,1-Feb-22,05,"$17,375.75","6,346,454","101,263","101,263",,"35,847.61",351.00,"75,632.00",$2.74,$0.17,1.60 %
12-Sep-22,Paid Search,Performance,1-Feb-22,05,"$9,542.91","2,996,947","71,111","71,111",,,,,$3.18,$0.13,2.37 %
12-Sep-22,Paid Search,Comp,1-Feb-22,06,,,,,,0.00,0.00,14.00,,,
12-Sep-22,Other,Not Valid,1-Feb-22,06,,,,,,"164,919.79","1,521.00","3,449.00",,,
12-Sep-22,Other,Not Valid,1-Feb-22,05,,,,,,"13,177.22",137.00,614.00,,,
12-Sep-22,Organic Social,Not Valid,1-Feb-22,05,,,,,,"2,068.96",21.00,"4,950.00",,,
12-Sep-22,Organic Social,Not Valid,1-Feb-22,06,,,,,,"12,048.90",129.00,"35,330.00",,,
12-Sep-22,Organic,Not Valid,1-Feb-22,06,,,,,,"67,138.71",631.00,0.00,,,
12-Sep-22,Organic,Not Valid,1-Feb-22,05,,,,,,"7,378.16",69.00,0.00,,,
12-Sep-22,Online Media,Not Valid,1-Feb-22,06,"$14,933.72","21,306,330","100,116","100,116",0,"65,181.72",740.00,"137,975.00",$0.70,$0.15,0.47 %
12-Sep-22,Online Media,Not Valid,1-Feb-22,05,$809.77,"1,434,964","4,136","4,136",0,"10,351.48",133.00,"21,205.00",$0.56,$0.20,0.29 %
12-Sep-22,Online Media,Comp,1-Feb-22,05,,,,,,"1,098.52",8.00,"5,239.00",,,
12-Sep-22,Online Media,Comp,1-Feb-22,06,,,,,,"6,422.59",65.00,"51,505.00",,,
12-Sep-22,Offline,Not Valid,1-Feb-22,06,,,,,,0.00,0.00,5.00,,,
12-Sep-22,Natural Search,Not Valid,1-Feb-22,06,,,,,,"150,942.63","1,412.00","240,678.00",,,
12-Sep-22,Natural Search,Not Valid,1-Feb-22,05,,,,,,"14,008.61",138.00,"34,087.00",,,
12-Sep-22,Email,Not Valid,1-Feb-22,06,,,,,,"85,215.93",769.00,"74,103.00",,,
12-Sep-22,Email,Not Valid,1-Feb-22,05,,,,,,"8,809.64",88.00,"7,621.00",,,
12-Sep-22,Affiliate,Performance,1-Feb-22,06,"$12,227.18",218,,"66,833",,,,,"$56,087.98",$0.18,"30,657.34 %"
12-Sep-22,Affiliate,Performance,1-Feb-22,05,"$1,325.90",16,,"8,045",,,,,"$82,868.75",$0.16,"50,281.25 %"
12-Sep-22,Affiliate,Not Valid,1-Feb-22,06,,,,,,"41,150.49",415.00,"30,121.00",,,
12-Sep-22,Affiliate,Not Valid,1-Feb-22,05,,,,,,"4,676.11",49.00,"3,369.00",,,
19-Sep-22,Search Zone,Not Valid,1-Feb-22,06,,,,,,0.00,0.00,2.00,,,
19-Sep-22,Search Zone,Not Valid,1-Feb-22,07,,,,,,0.00,0.00,8.00,,,
19-Sep-22,Push Notification,Not Valid,1-Feb-22,07,,,,,,"14,161.95",107.00,0.00,,,
19-Sep-22,Push Notification,Not Valid,1-Feb-22,06,,,,,,"4,909.71",46.00,1.00,,,
19-Sep-22,Paid Social,Not Valid,1-Feb-22,06,,,,,,938.50,11.00,"1,789.00",,,
19-Sep-22,Paid Social,Not Valid,1-Feb-22,07,,,,,,"3,192.36",35.00,"3,230.00",,,
19-Sep-22,Paid Social,Comp,1-Feb-22,07,,,,,,"21,754.19",226.00,"75,415.00",,,
19-Sep-22,Paid Social,Comp,1-Feb-22,06,,,,,,"8,002.34",90.00,"42,309.00",,,
19-Sep-22,Paid Search,Not Valid,1-Feb-22,07,"$34,019.96","13,458,523","202,957","202,957",,"102,652.28","1,023.00","157,340.00",$2.53,$0.17,1.51 %
19-Sep-22,Paid Search,Performance,1-Feb-22,07,"$18,066.71","6,250,986","149,474","149,474",,,,,$2.89,$0.12,2.39 %
19-Sep-22,Paid Search,Not Valid,1-Feb-22,06,"$16,328.52","5,928,211","98,126","98,126",,"34,929.01",367.00,"67,922.00",$2.75,$0.17,1.66 %
19-Sep-22,Paid Search,Performance,1-Feb-22,06,"$8,339.53","2,860,900","70,147","70,147",,,,,$2.92,$0.12,2.45 %
19-Sep-22,Paid Search,Comp,1-Feb-22,06,,,,,,0.00,0.00,10.00,,,
19-Sep-22,Paid Search,Comp,1-Feb-22,07,,,,,,0.00,0.00,18.00,,,
19-Sep-22,Other,Not Valid,1-Feb-22,06,,,,,,"23,374.29",209.00,503.00,,,
19-Sep-22,Other,Not Valid,1-Feb-22,07,,,,,,"57,951.05",533.00,"1,087.00",,,
19-Sep-22,Organic Social,Not Valid,1-Feb-22,07,,,,,,"4,357.51",43.00,"8,648.00",,,
19-Sep-22,Organic Social,Not Valid,1-Feb-22,06,,,,,,"2,381.20",22.00,"4,854.00",,,
19-Sep-22,Organic,Not Valid,1-Feb-22,07,,,,,,"18,548.93",186.00,0.00,,,
19-Sep-22,Organic,Not Valid,1-Feb-22,06,,,,,,"6,504.90",64.00,0.00,,,
19-Sep-22,Online Media,Not Valid,1-Feb-22,07,"$7,462.55","11,215,753","66,464","66,464",0,"27,216.91",287.00,"48,107.00",$0.67,$0.11,0.59 %
19-Sep-22,Online Media,Not Valid,1-Feb-22,06,"$4,194.32","6,288,322","48,489","48,489",0,"9,139.55",106.00,"24,287.00",$0.67,$0.09,0.77 %
19-Sep-22,Online Media,Comp,1-Feb-22,07,,,,,,"3,477.58",33.00,"34,832.00",,,
19-Sep-22,Online Media,Comp,1-Feb-22,06,,,,,,260.55,3.00,"17,976.00",,,
19-Sep-22,Offline,Not Valid,1-Feb-22,07,,,,,,0.00,0.00,1.00,,,
19-Sep-22,Natural Search,Not Valid,1-Feb-22,06,,,,,,"18,353.82",169.00,"38,326.00",,,
19-Sep-22,Natural Search,Not Valid,1-Feb-22,07,,,,,,"48,287.74",442.00,"82,063.00",,,
19-Sep-22,Email,Not Valid,1-Feb-22,07,,,,,,"33,460.58",300.00,"27,222.00",,,
19-Sep-22,Email,Not Valid,1-Feb-22,06,,,,,,"8,042.83",65.00,"7,819.00",,,
19-Sep-22,Affiliate,Performance,1-Feb-22,07,"$4,216.24",53,,"22,881",,,,,"$79,551.70",$0.18,"43,171.70 %"
19-Sep-22,Affiliate,Performance,1-Feb-22,06,"$1,890.46",13,,"12,949",,,,,"$145,420.00",$0.15,"99,607.69 %"
19-Sep-22,Affiliate,Not Valid,1-Feb-22,07,,,,,,"11,561.67",125.00,"9,614.00",,,
19-Sep-22,Affiliate,Not Valid,1-Feb-22,06,,,,,,"5,151.78",54.00,"5,146.00",,,
